user,day,login_count,failed_logins,after_hours_logins,sensitive_file_access,unique_systems,avg_session_duration,is_actual_threat
user_001,0,8,0,0,1,3,30.0,False
user_001,1,8,0,1,2,2,25.64,False
user_001,2,8,1,1,1,1,81.75,False
user_001,3,6,0,1,0,1,72.48,False
user_001,4,3,1,0,3,1,24.65,False
user_001,5,3,0,0,0,3,21.33,False
user_001,6,9,1,1,1,2,50.46,False
user_001,7,5,1,1,3,3,88.33,False
user_001,8,8,0,0,0,2,86.25,False
user_001,9,2,1,1,1,2,23.13,False
user_001,10,2,1,1,1,2,109.48,False
user_001,11,8,1,0,3,1,116.12,False
user_001,12,5,1,0,1,3,102.87,False
user_001,13,9,1,1,3,1,34.09,False
user_001,14,1,0,0,0,1,39.87,False
user_001,15,8,0,0,2,1,91.13,False
user_001,16,3,0,0,4,2,55.85,False
user_001,17,9,1,0,0,2,29.54,False
user_001,18,7,0,1,4,3,79.13,False
user_001,19,6,0,0,0,3,31.96,False
user_001,20,3,0,0,1,3,97.1,False
user_001,21,7,0,0,1,2,63.93,False
user_001,22,3,0,1,0,1,70.86,False
user_001,23,5,0,0,4,3,95.56,False
user_001,24,4,0,1,2,3,36.12,False
user_001,25,2,1,0,0,1,107.15,False
user_001,26,4,1,1,2,2,32.21,False
user_001,27,9,0,1,0,1,42.79,False
user_001,28,9,1,0,0,3,20.7,False
user_001,29,8,0,0,4,1,31.99,False
user_002,0,6,1,1,0,1,26.49,False
user_002,1,4,1,1,1,3,50.09,False
user_002,2,1,1,0,2,1,117.66,False
user_002,3,6,0,0,0,1,43.96,False
user_002,4,2,0,1,1,2,44.21,False
user_002,5,4,0,0,2,1,92.82,False
user_002,6,8,0,1,1,2,59.88,False
user_002,7,1,0,1,2,2,89.58,False
user_002,8,3,1,1,2,3,91.11,False
user_002,9,3,1,1,3,1,89.09,False
user_002,10,7,1,1,0,3,54.11,False
user_002,11,9,1,0,1,3,42.86,False
user_002,12,9,1,1,0,2,119.63,False
user_002,13,5,0,1,2,3,53.9,False
user_002,14,3,0,1,2,2,97.99,False
user_002,15,8,1,0,0,2,86.9,False
user_002,16,3,1,1,0,3,117.37,False
user_002,17,2,1,1,1,2,89.19,False
user_002,18,9,1,0,3,1,69.39,False
user_002,19,4,1,1,2,1,50.81,False
user_002,20,3,1,0,4,3,109.2,False
user_002,21,2,0,1,0,3,69.25,False
user_002,22,5,1,0,2,3,96.86,False
user_002,23,1,1,1,4,2,111.49,False
user_002,24,3,1,0,4,1,62.82,False
user_002,25,5,0,0,3,1,27.53,False
user_002,26,5,1,0,0,3,36.95,False
user_002,27,9,1,0,1,3,77.01,False
user_002,28,8,1,1,1,3,71.83,False
user_002,29,2,1,0,0,1,90.25,False
user_003,0,7,1,0,1,1,81.15,False
user_003,1,7,0,1,4,1,27.09,False
user_003,2,3,0,0,3,2,29.4,False
user_003,3,7,0,1,2,1,35.5,False
user_003,4,6,1,1,0,2,102.26,False
user_003,5,6,0,1,4,1,102.79,False
user_003,6,5,0,1,4,2,74.06,False
user_003,7,7,1,1,4,2,71.63,False
user_003,8,3,0,1,2,2,27.85,False
user_003,9,5,1,0,0,1,25.82,False
user_003,10,1,0,1,0,1,47.99,False
user_003,11,7,1,0,4,2,93.0,False
user_003,12,3,1,1,2,1,32.02,False
user_003,13,5,0,0,3,1,67.42,False
user_003,14,5,0,1,0,2,63.39,False
user_003,15,7,1,1,4,2,46.09,False
user_003,16,3,1,1,0,1,88.4,False
user_003,17,8,1,0,1,1,106.72,False
user_003,18,4,1,1,1,3,84.33,False
user_003,19,1,0,0,2,1,82.59,False
user_003,20,1,0,1,1,3,39.58,False
user_003,21,2,0,0,1,3,53.66,False
user_003,22,8,0,1,1,2,54.06,False
user_003,23,3,0,0,3,2,89.67,False
user_003,24,8,1,0,4,1,48.2,False
user_003,25,5,0,1,2,1,93.16,False
user_003,26,4,1,0,4,1,87.98,False
user_003,27,7,0,0,0,2,110.26,False
user_003,28,4,1,0,4,3,30.0,False
user_003,29,4,1,0,0,3,29.13,False
user_004,0,4,0,1,4,1,49.32,False
user_004,1,9,1,0,4,1,99.16,False
user_004,2,9,0,0,4,2,117.42,False
user_004,3,5,0,0,4,3,90.58,False
user_004,4,9,1,1,3,1,30.11,False
user_004,5,7,1,0,1,1,102.19,False
user_004,6,2,0,0,4,2,118.66,False
user_004,7,1,1,1,0,3,110.77,False
user_004,8,4,1,1,3,3,68.17,False
user_004,9,6,0,0,1,2,53.03,False
user_004,10,3,0,0,1,2,25.63,False
user_004,11,8,0,0,0,3,94.6,False
user_004,12,9,0,1,0,1,106.86,False
user_004,13,6,0,1,1,1,116.99,False
user_004,14,5,1,1,4,3,111.91,False
user_004,15,4,0,0,3,1,72.31,False
user_004,16,9,0,1,0,1,89.69,False
user_004,17,3,1,0,0,3,48.1,False
user_004,18,8,1,1,3,1,47.74,False
user_004,19,4,1,1,1,2,46.59,False
user_004,20,5,0,1,2,2,23.23,False
user_004,21,9,0,0,3,1,88.47,False
user_004,22,3,0,1,1,3,92.57,False
user_004,23,9,1,1,1,3,24.52,False
user_004,24,7,1,0,0,2,118.73,False
user_004,25,1,0,0,1,3,59.3,False
user_004,26,1,0,0,1,1,61.48,False
user_004,27,1,0,1,3,1,73.43,False
user_004,28,5,1,0,4,3,96.9,False
user_004,29,5,1,1,2,1,44.11,False
user_005,0,1,0,0,4,2,107.82,False
user_005,1,8,1,1,3,3,31.36,False
user_005,2,2,1,1,2,3,50.78,False
user_005,3,1,1,1,4,2,107.67,False
user_005,4,9,0,1,4,1,83.94,False
user_005,5,3,0,1,3,2,55.06,False
user_005,6,2,1,1,2,3,110.42,False
user_005,7,4,0,1,0,3,59.65,False
user_005,8,7,1,0,0,1,99.65,False
user_005,9,8,0,1,0,1,118.0,False
user_005,10,5,1,0,2,3,44.01,False
user_005,11,3,0,0,2,2,89.77,False
user_005,12,4,1,1,0,3,107.43,False
user_005,13,2,0,1,2,3,102.18,False
user_005,14,2,1,1,4,2,28.87,False
user_005,15,1,0,0,3,2,109.42,False
user_005,16,1,1,1,4,3,23.93,False
user_005,17,9,0,0,2,3,57.73,False
user_005,18,1,1,1,0,1,79.73,False
user_005,19,4,0,0,1,3,73.13,False
user_005,20,2,0,1,2,3,91.33,False
user_005,21,7,1,0,3,1,106.72,False
user_005,22,6,0,0,0,3,57.73,False
user_005,23,7,0,0,1,2,31.98,False
user_005,24,1,0,1,0,2,98.92,False
user_005,25,2,0,1,1,3,94.54,False
user_005,26,1,1,0,1,1,53.74,False
user_005,27,4,1,1,1,3,55.61,False
user_005,28,6,0,0,0,1,30.18,False
user_005,29,6,1,0,3,2,38.66,False
user_006,0,8,0,0,2,3,21.82,False
user_006,1,5,1,1,1,3,106.55,False
user_006,2,6,1,0,2,2,112.94,False
user_006,3,8,1,0,4,1,38.7,False
user_006,4,6,1,0,3,1,93.62,False
user_006,5,1,1,1,4,2,35.44,False
user_006,6,4,0,0,2,1,56.92,False
user_006,7,8,1,0,1,2,52.24,False
user_006,8,2,1,0,4,1,96.02,False
user_006,9,8,1,0,2,2,30.67,False
user_006,10,5,1,1,3,2,32.43,False
user_006,11,8,0,0,1,3,26.65,False
user_006,12,8,1,1,3,1,33.98,False
user_006,13,9,0,1,3,2,102.51,False
user_006,14,5,0,0,2,2,72.31,False
user_006,15,4,0,0,1,1,88.3,False
user_006,16,8,0,1,2,1,50.14,False
user_006,17,7,0,0,0,1,55.54,False
user_006,18,7,1,1,4,3,74.28,False
user_006,19,6,1,0,2,2,33.93,False
user_006,20,1,1,1,2,1,35.17,False
user_006,21,1,0,0,2,3,34.31,False
user_006,22,4,1,1,1,1,107.68,False
user_006,23,1,1,1,4,3,57.88,False
user_006,24,8,1,1,4,1,68.64,False
user_006,25,4,1,0,1,3,84.11,False
user_006,26,3,1,1,1,3,79.9,False
user_006,27,4,0,1,1,2,42.74,False
user_006,28,7,0,1,2,2,78.62,False
user_006,29,2,0,0,3,3,113.21,False
user_007,0,4,0,1,4,3,35.25,False
user_007,1,9,1,0,4,2,113.44,False
user_007,2,6,0,0,0,2,43.59,False
user_007,3,4,1,0,0,1,106.99,False
user_007,4,7,0,1,4,3,25.48,False
user_007,5,9,1,1,0,1,80.37,False
user_007,6,3,0,1,0,2,111.99,False
user_007,7,2,0,1,2,2,111.85,False
user_007,8,3,1,1,0,3,36.55,False
user_007,9,5,1,0,0,1,78.06,False
user_007,10,6,1,1,1,1,71.52,False
user_007,11,1,1,0,0,2,106.06,False
user_007,12,8,0,0,0,1,59.73,False
user_007,13,3,0,1,2,2,40.51,False
user_007,14,1,0,0,2,2,49.4,False
user_007,15,3,0,1,1,2,64.08,False
user_007,16,2,1,1,2,3,30.3,False
user_007,17,8,0,0,2,2,47.07,False
user_007,18,2,1,0,3,2,106.7,False
user_007,19,8,0,0,2,3,87.19,False
user_007,20,8,1,0,4,3,108.75,False
user_007,21,8,1,0,2,1,34.11,False
user_007,22,7,1,1,1,3,93.59,False
user_007,23,5,0,1,4,3,78.3,False
user_007,24,2,1,0,4,3,45.94,False
user_007,25,2,0,0,3,1,54.52,False
user_007,26,9,1,0,3,3,114.85,False
user_007,27,6,1,1,0,2,76.58,False
user_007,28,7,1,1,0,2,22.25,False
user_007,29,9,1,1,4,1,45.79,False
user_008,0,4,1,1,4,1,89.12,False
user_008,1,5,0,1,1,1,101.51,False
user_008,2,9,1,1,0,1,85.14,False
user_008,3,7,0,1,4,3,110.0,False
user_008,4,6,0,1,1,1,86.5,False
user_008,5,7,1,0,0,2,60.44,False
user_008,6,2,1,1,2,1,28.28,False
user_008,7,4,0,1,4,1,103.71,False
user_008,8,4,0,0,2,2,67.61,False
user_008,9,8,1,1,4,1,46.99,False
user_008,10,4,0,0,3,3,104.64,False
user_008,11,2,0,1,1,1,54.44,False
user_008,12,8,0,0,0,1,88.84,False
user_008,13,9,0,0,2,2,99.94,False
user_008,14,3,1,1,1,3,51.46,False
user_008,15,1,0,0,1,1,64.6,False
user_008,16,8,0,1,4,1,85.88,False
user_008,17,6,1,1,0,2,68.94,False
user_008,18,9,0,1,1,3,119.94,False
user_008,19,5,1,1,4,3,49.73,False
user_008,20,8,1,0,4,2,94.51,False
user_008,21,4,0,0,1,3,102.89,False
user_008,22,1,1,0,2,1,27.7,False
user_008,23,5,0,1,1,3,60.45,False
user_008,24,7,0,1,0,1,86.17,False
user_008,25,2,0,1,4,2,107.67,False
user_008,26,2,0,0,1,2,22.13,False
user_008,27,7,0,0,1,3,27.0,False
user_008,28,4,0,1,0,1,23.76,False
user_008,29,9,1,1,3,3,59.83,False
user_009,0,7,1,0,0,2,20.33,False
user_009,1,8,1,1,3,2,43.36,False
user_009,2,9,1,0,4,2,24.51,False
user_009,3,1,0,1,3,3,115.0,False
user_009,4,5,0,1,2,2,81.34,False
user_009,5,9,0,1,3,3,60.16,False
user_009,6,6,0,0,4,2,43.07,False
user_009,7,2,0,1,0,1,115.73,False
user_009,8,8,1,0,4,2,116.91,False
user_009,9,1,0,0,3,2,72.5,False
user_009,10,3,1,1,0,3,101.58,False
user_009,11,6,0,1,4,3,23.49,False
user_009,12,4,1,0,1,3,107.75,False
user_009,13,3,0,1,4,1,24.44,False
user_009,14,2,1,1,0,3,85.52,False
user_009,15,5,0,0,1,3,20.51,False
user_009,16,5,1,1,1,2,116.21,False
user_009,17,5,0,0,1,1,68.06,False
user_009,18,3,1,0,1,3,106.45,False
user_009,19,1,1,1,2,1,35.73,False
user_009,20,9,0,0,4,1,113.01,False
user_009,21,4,0,0,3,3,108.16,False
user_009,22,9,0,0,1,2,101.99,False
user_009,23,5,1,0,1,2,103.21,False
user_009,24,7,1,1,4,2,52.64,False
user_009,25,9,0,1,1,1,97.98,False
user_009,26,6,0,1,1,1,116.3,False
user_009,27,5,0,1,3,2,114.73,False
user_009,28,1,1,1,0,2,67.36,False
user_009,29,6,1,1,2,2,107.15,False
user_010,0,4,0,0,3,1,58.36,False
user_010,1,1,1,0,2,3,88.33,False
user_010,2,2,1,1,4,1,30.22,False
user_010,3,9,0,0,4,1,49.84,False
user_010,4,2,0,1,3,2,33.13,False
user_010,5,3,0,1,3,1,114.36,False
user_010,6,5,0,1,2,1,64.23,False
user_010,7,1,1,1,1,1,40.04,False
user_010,8,1,0,1,3,2,106.44,False
user_010,9,8,1,1,0,1,29.12,False
user_010,10,8,0,0,1,3,82.62,False
user_010,11,5,1,1,1,3,38.55,False
user_010,12,9,1,1,0,2,88.56,False
user_010,13,4,0,1,0,3,85.15,False
user_010,14,5,0,1,2,1,34.96,False
user_010,15,5,1,1,1,2,117.47,False
user_010,16,6,1,0,4,1,106.01,False
user_010,17,6,0,1,2,2,94.92,False
user_010,18,9,0,1,0,2,34.25,False
user_010,19,6,1,1,3,1,75.96,False
user_010,20,2,1,0,1,1,28.79,False
user_010,21,1,0,1,1,2,52.21,False
user_010,22,6,0,1,1,2,102.14,False
user_010,23,7,1,0,2,1,90.65,False
user_010,24,6,0,1,0,3,81.29,False
user_010,25,9,1,1,1,2,98.34,False
user_010,26,7,0,1,3,2,101.73,False
user_010,27,3,0,0,3,2,63.86,False
user_010,28,2,1,1,3,1,67.93,False
user_010,29,3,1,0,3,1,38.21,False
user_011,0,7,1,0,3,2,22.09,False
user_011,1,3,1,0,0,3,85.03,False
user_011,2,3,0,0,4,2,23.07,False
user_011,3,1,0,1,0,2,116.08,False
user_011,4,8,1,0,3,2,118.76,False
user_011,5,8,1,0,2,1,63.86,False
user_011,6,5,1,1,3,2,79.77,False
user_011,7,4,1,0,1,3,79.24,False
user_011,8,6,0,1,2,1,66.58,False
user_011,9,5,0,0,2,2,91.58,False
user_011,10,7,1,1,1,3,61.3,False
user_011,11,6,0,0,3,1,64.53,False
user_011,12,8,0,0,3,2,29.53,False
user_011,13,1,0,0,0,2,105.8,False
user_011,14,5,0,0,3,1,43.7,False
user_011,15,3,1,1,1,1,53.7,False
user_011,16,9,0,0,3,3,114.86,False
user_011,17,9,1,1,3,1,80.55,False
user_011,18,5,1,0,0,1,90.54,False
user_011,19,8,1,0,3,3,31.19,False
user_011,20,2,1,1,0,3,43.11,False
user_011,21,1,0,0,4,1,28.86,False
user_011,22,1,0,0,3,2,59.74,False
user_011,23,2,1,0,2,2,115.18,False
user_011,24,2,0,0,2,2,54.27,False
user_011,25,6,1,0,4,2,40.19,False
user_011,26,7,1,1,4,1,93.08,False
user_011,27,6,0,0,1,1,103.81,False
user_011,28,2,1,0,1,3,77.06,False
user_011,29,8,0,1,3,1,80.06,False
user_012,0,5,1,0,0,2,54.86,False
user_012,1,2,1,1,0,1,60.69,False
user_012,2,9,0,0,0,3,107.85,False
user_012,3,6,1,1,2,2,110.14,False
user_012,4,9,0,0,4,3,57.57,False
user_012,5,6,0,0,4,3,83.02,False
user_012,6,7,0,0,2,1,64.87,False
user_012,7,1,1,0,2,2,27.32,False
user_012,8,3,1,1,1,2,66.35,False
user_012,9,3,0,1,1,2,111.42,False
user_012,10,9,1,0,1,1,44.61,False
user_012,11,4,0,0,1,3,72.12,False
user_012,12,5,0,0,4,3,44.35,False
user_012,13,3,0,1,4,1,55.16,False
user_012,14,2,1,0,3,1,48.49,False
user_012,15,3,1,1,1,2,91.62,False
user_012,16,1,0,1,1,1,72.25,False
user_012,17,7,0,1,1,3,72.52,False
user_012,18,7,0,1,0,2,38.52,False
user_012,19,8,1,1,3,2,100.6,False
user_012,20,1,1,1,4,2,31.23,False
user_012,21,7,1,1,4,2,79.35,False
user_012,22,9,0,1,1,1,103.99,False
user_012,23,8,1,1,0,2,45.56,False
user_012,24,4,1,1,2,3,86.75,False
user_012,25,2,0,1,1,1,62.39,False
user_012,26,5,0,0,2,2,67.29,False
user_012,27,5,0,1,4,3,43.02,False
user_012,28,7,1,0,1,1,59.09,False
user_012,29,9,1,0,1,3,79.7,False
user_013,0,6,0,0,0,1,21.58,False
user_013,1,8,1,1,2,2,53.72,False
user_013,2,7,0,1,3,1,109.42,False
user_013,3,3,0,1,0,3,54.36,False
user_013,4,7,1,0,0,2,86.96,False
user_013,5,5,1,1,1,3,73.3,False
user_013,6,3,1,1,1,3,57.85,False
user_013,7,6,0,0,1,3,66.52,False
user_013,8,8,1,1,1,1,37.53,False
user_013,9,9,0,1,1,2,62.27,False
user_013,10,7,1,1,0,3,112.72,False
user_013,11,7,1,0,4,1,104.2,False
user_013,12,5,1,1,1,3,106.47,False
user_013,13,5,1,1,3,2,26.31,False
user_013,14,4,0,0,1,1,56.01,False
user_013,15,5,1,0,0,1,70.97,False
user_013,16,3,1,1,1,2,71.57,False
user_013,17,3,1,0,3,1,59.1,False
user_013,18,1,1,1,1,1,58.06,False
user_013,19,8,1,1,2,3,50.47,False
user_013,20,9,0,0,2,2,35.38,False
user_013,21,3,1,1,3,2,84.1,False
user_013,22,9,1,0,4,2,51.37,False
user_013,23,1,1,1,4,3,115.28,False
user_013,24,6,0,0,4,2,26.82,False
user_013,25,2,1,0,3,1,74.95,False
user_013,26,4,1,0,3,3,84.08,False
user_013,27,2,1,0,2,3,26.13,False
user_013,28,3,1,1,0,2,68.46,False
user_013,29,2,0,0,0,3,43.92,False
user_014,0,9,1,1,2,3,89.22,False
user_014,1,1,1,1,0,1,81.52,False
user_014,2,4,0,1,3,2,62.61,False
user_014,3,5,1,0,4,3,56.78,False
user_014,4,6,1,0,4,1,96.93,False
user_014,5,7,1,1,2,1,21.92,False
user_014,6,5,1,0,1,3,81.89,False
user_014,7,5,1,1,4,1,39.89,False
user_014,8,5,0,1,3,1,30.97,False
user_014,9,5,1,1,4,2,32.72,False
user_014,10,2,1,1,3,2,67.6,False
user_014,11,9,0,1,4,2,59.24,False
user_014,12,1,0,1,0,1,114.28,False
user_014,13,2,1,1,4,1,104.09,False
user_014,14,8,0,1,2,3,85.94,False
user_014,15,6,1,0,0,3,71.84,False
user_014,16,3,0,1,3,1,64.33,False
user_014,17,8,0,1,0,3,91.63,False
user_014,18,3,1,0,0,1,70.86,False
user_014,19,8,1,0,3,3,117.07,False
user_014,20,3,0,0,3,3,37.41,False
user_014,21,5,0,1,1,2,28.26,False
user_014,22,1,0,1,0,1,58.19,False
user_014,23,2,0,0,3,2,46.07,False
user_014,24,9,0,0,1,3,24.2,False
user_014,25,2,1,0,3,3,118.0,False
user_014,26,6,0,0,3,2,32.81,False
user_014,27,1,1,1,0,1,57.6,False
user_014,28,9,1,1,3,2,112.83,False
user_014,29,3,1,0,4,3,87.15,False
user_015,0,7,0,1,0,3,45.22,False
user_015,1,5,1,1,3,3,52.01,False
user_015,2,6,0,0,3,1,92.79,False
user_015,3,2,0,0,3,3,116.51,False
user_015,4,3,0,1,3,1,61.34,False
user_015,5,5,0,0,2,3,30.59,False
user_015,6,7,0,1,3,3,107.71,False
user_015,7,5,0,1,1,2,20.93,False
user_015,8,1,1,0,2,1,47.79,False
user_015,9,3,1,1,1,2,40.4,False
user_015,10,5,1,1,2,3,88.79,False
user_015,11,9,1,1,1,2,104.0,False
user_015,12,1,1,1,0,2,95.87,False
user_015,13,4,0,1,2,3,50.56,False
user_015,14,8,0,0,1,3,64.86,False
user_015,15,4,1,1,2,2,59.15,False
user_015,16,5,1,1,4,2,81.96,False
user_015,17,4,1,0,4,1,78.82,False
user_015,18,4,0,1,2,1,78.0,False
user_015,19,7,1,1,1,2,100.5,False
user_015,20,3,0,0,2,2,89.54,False
user_015,21,6,0,0,3,3,64.02,False
user_015,22,4,1,0,0,3,43.59,False
user_015,23,4,0,0,3,3,96.66,False
user_015,24,9,1,1,4,1,62.12,False
user_015,25,4,1,1,2,3,60.99,False
user_015,26,7,0,1,4,1,76.55,False
user_015,27,2,0,0,2,1,78.58,False
user_015,28,6,0,1,0,3,49.87,False
user_015,29,5,0,1,2,2,42.55,False
user_016,0,5,1,0,4,2,113.74,False
user_016,1,4,1,1,3,2,92.79,False
user_016,2,2,0,0,0,2,25.73,False
user_016,3,9,0,1,0,1,26.9,False
user_016,4,6,1,0,2,3,110.63,False
user_016,5,8,1,1,1,1,97.67,False
user_016,6,9,0,1,2,2,110.64,False
user_016,7,9,0,1,1,1,97.19,False
user_016,8,6,0,0,1,3,116.34,False
user_016,9,7,0,1,1,2,93.08,False
user_016,10,5,1,0,2,3,39.81,False
user_016,11,8,0,0,2,1,114.7,False
user_016,12,9,0,0,0,2,92.0,False
user_016,13,9,0,1,0,1,118.05,False
user_016,14,2,1,1,2,1,99.17,False
user_016,15,1,0,1,1,1,62.86,False
user_016,16,5,1,1,0,2,29.76,False
user_016,17,3,0,0,3,3,71.25,False
user_016,18,3,1,0,0,3,107.21,False
user_016,19,4,1,1,4,3,107.96,False
user_016,20,9,1,1,3,2,75.8,False
user_016,21,2,0,1,2,1,59.07,False
user_016,22,3,1,0,3,3,102.21,False
user_016,23,2,0,0,4,3,39.56,False
user_016,24,8,1,1,3,1,77.76,False
user_016,25,5,1,0,0,3,39.58,False
user_016,26,8,1,1,3,2,99.33,False
user_016,27,7,1,0,4,3,109.72,False
user_016,28,8,1,0,3,1,23.34,False
user_016,29,8,0,1,3,3,51.32,False
user_017,0,6,0,1,0,3,70.52,False
user_017,1,1,0,0,4,1,92.52,False
user_017,2,2,1,1,1,3,85.61,False
user_017,3,5,0,0,0,1,102.3,False
user_017,4,5,0,0,3,1,49.65,False
user_017,5,6,1,1,2,1,67.12,False
user_017,6,9,0,1,1,2,102.82,False
user_017,7,5,1,1,1,2,91.91,False
user_017,8,3,1,1,0,3,65.04,False
user_017,9,9,0,1,0,1,100.62,False
user_017,10,3,0,1,4,2,52.51,False
user_017,11,8,1,1,0,1,103.7,False
user_017,12,7,1,0,2,2,71.27,False
user_017,13,6,0,0,4,3,96.32,False
user_017,14,5,1,1,3,1,96.61,False
user_017,15,3,1,0,1,3,110.72,False
user_017,16,7,0,0,1,2,66.04,False
user_017,17,4,0,1,2,3,117.68,False
user_017,18,4,0,0,1,2,48.0,False
user_017,19,9,0,1,2,3,95.4,False
user_017,20,9,1,1,4,3,82.13,False
user_017,21,9,0,1,0,3,107.28,False
user_017,22,8,1,0,4,1,44.19,False
user_017,23,1,1,1,0,2,79.84,False
user_017,24,3,0,0,0,3,110.29,False
user_017,25,8,1,0,4,2,54.04,False
user_017,26,8,0,0,4,2,99.46,False
user_017,27,3,0,1,1,1,72.14,False
user_017,28,5,1,1,4,3,68.84,False
user_017,29,5,0,0,4,1,86.92,False
user_018,0,8,1,0,4,3,63.04,False
user_018,1,6,1,1,0,3,109.25,False
user_018,2,6,1,0,2,2,79.17,False
user_018,3,3,1,0,3,2,98.68,False
user_018,4,3,1,1,1,2,67.29,False
user_018,5,9,0,1,0,2,56.19,False
user_018,6,6,1,0,2,2,117.15,False
user_018,7,1,0,1,2,1,67.43,False
user_018,8,1,0,0,0,2,24.95,False
user_018,9,8,0,1,3,1,53.89,False
user_018,10,5,0,0,1,3,24.44,False
user_018,11,9,0,1,4,1,81.71,False
user_018,12,8,0,0,2,3,77.48,False
user_018,13,7,0,1,2,2,119.28,False
user_018,14,1,1,1,2,1,91.4,False
user_018,15,1,0,1,3,2,92.14,False
user_018,16,9,0,1,4,3,25.95,False
user_018,17,4,1,1,1,2,100.04,False
user_018,18,4,1,0,2,3,61.89,False
user_018,19,4,0,0,3,2,52.11,False
user_018,20,9,0,1,4,1,84.65,False
user_018,21,3,0,0,1,2,83.61,False
user_018,22,6,0,0,3,3,92.4,False
user_018,23,5,1,0,2,2,34.21,False
user_018,24,1,0,1,3,3,64.89,False
user_018,25,7,0,0,1,1,32.3,False
user_018,26,1,0,0,0,3,101.67,False
user_018,27,6,1,0,2,2,60.39,False
user_018,28,7,0,0,1,2,64.64,False
user_018,29,2,1,0,2,3,95.94,False
user_019,0,9,1,1,3,1,72.58,False
user_019,1,2,1,1,4,3,34.26,False
user_019,2,8,0,0,3,3,22.54,False
user_019,3,2,1,0,2,3,27.17,False
user_019,4,1,0,1,4,2,104.17,False
user_019,5,8,1,1,0,3,88.83,False
user_019,6,2,0,1,2,3,116.4,False
user_019,7,4,1,0,2,3,36.0,False
user_019,8,2,1,0,4,3,68.79,False
user_019,9,5,1,0,4,2,57.48,False
user_019,10,3,0,1,3,2,102.67,False
user_019,11,1,0,0,2,3,35.16,False
user_019,12,1,0,1,3,1,35.41,False
user_019,13,1,0,1,4,2,44.69,False
user_019,14,7,0,0,1,2,45.93,False
user_019,15,3,1,0,4,2,87.74,False
user_019,16,5,1,0,3,3,36.52,False
user_019,17,8,0,0,4,3,101.68,False
user_019,18,4,0,0,0,3,108.03,False
user_019,19,8,1,0,1,3,40.13,False
user_019,20,5,1,1,4,1,91.09,False
user_019,21,6,0,0,2,1,79.91,False
user_019,22,6,0,0,3,2,33.07,False
user_019,23,7,1,0,0,1,107.71,False
user_019,24,6,0,0,2,2,118.1,False
user_019,25,4,1,1,1,2,72.24,False
user_019,26,8,0,0,2,3,111.87,False
user_019,27,3,1,0,2,1,118.07,False
user_019,28,2,1,0,3,3,115.6,False
user_019,29,9,1,1,4,1,84.02,False
user_020,0,8,0,0,2,3,23.08,False
user_020,1,7,1,1,4,2,92.27,False
user_020,2,6,1,1,4,2,53.34,False
user_020,3,3,1,1,0,2,20.89,False
user_020,4,3,1,1,1,1,28.98,False
user_020,5,7,0,0,3,1,83.29,False
user_020,6,5,0,1,4,1,96.61,False
user_020,7,4,0,1,0,2,27.76,False
user_020,8,4,1,0,2,3,74.91,False
user_020,9,2,0,0,2,3,106.89,False
user_020,10,2,1,0,1,2,44.22,False
user_020,11,6,1,1,1,2,60.29,False
user_020,12,2,0,0,2,2,52.15,False
user_020,13,5,0,0,0,1,41.93,False
user_020,14,5,0,0,2,1,95.96,False
user_020,15,1,0,0,1,2,102.14,False
user_020,16,6,1,1,1,2,66.32,False
user_020,17,4,0,1,3,1,111.68,False
user_020,18,8,1,1,1,2,102.38,False
user_020,19,9,1,0,0,3,38.9,False
user_020,20,2,1,1,0,3,78.33,False
user_020,21,8,0,1,4,1,28.27,False
user_020,22,9,0,0,2,1,104.27,False
user_020,23,4,1,1,2,1,62.24,False
user_020,24,6,1,1,3,3,28.93,False
user_020,25,7,1,0,0,3,104.42,False
user_020,26,7,1,0,4,1,107.55,False
user_020,27,5,0,1,3,3,115.08,False
user_020,28,9,1,0,4,3,83.43,False
user_020,29,5,1,0,4,2,115.68,False
user_021,0,9,0,0,1,2,97.08,False
user_021,1,9,1,0,0,1,61.65,False
user_021,2,4,0,1,0,1,106.98,False
user_021,3,6,1,1,0,1,95.4,False
user_021,4,2,0,1,3,2,93.71,False
user_021,5,6,1,1,4,2,39.92,False
user_021,6,4,0,1,2,3,86.69,False
user_021,7,1,1,1,1,1,46.76,False
user_021,8,5,1,1,4,1,111.11,False
user_021,9,2,1,0,3,2,61.36,False
user_021,10,9,0,0,0,2,46.67,False
user_021,11,9,1,1,3,2,87.75,False
user_021,12,4,0,1,0,2,105.71,False
user_021,13,6,0,1,2,3,100.72,False
user_021,14,2,0,1,4,1,97.31,False
user_021,15,7,1,0,3,3,86.3,False
user_021,16,7,1,0,2,1,74.7,False
user_021,17,8,0,0,0,1,59.8,False
user_021,18,4,1,0,4,1,113.74,False
user_021,19,2,1,0,3,3,87.16,False
user_021,20,4,1,1,0,3,98.52,False
user_021,21,4,1,0,3,2,56.57,False
user_021,22,7,1,0,1,1,98.13,False
user_021,23,3,0,0,4,3,36.39,False
user_021,24,1,0,0,3,2,49.05,False
user_021,25,9,0,0,0,2,26.22,False
user_021,26,1,1,0,3,1,64.77,False
user_021,27,6,0,1,2,2,44.19,False
user_021,28,5,1,0,1,2,74.66,False
user_021,29,3,1,1,4,1,25.0,False
user_022,0,2,0,0,3,2,30.89,False
user_022,1,4,0,1,2,2,72.25,False
user_022,2,5,0,1,2,3,27.31,False
user_022,3,6,1,1,3,3,93.21,False
user_022,4,2,0,0,2,1,115.29,False
user_022,5,2,0,1,4,2,67.69,False
user_022,6,4,0,1,0,3,86.66,False
user_022,7,4,1,1,4,2,80.31,False
user_022,8,5,1,1,4,2,100.48,False
user_022,9,5,1,1,3,2,71.47,False
user_022,10,6,0,0,0,1,68.09,False
user_022,11,4,0,1,2,2,119.33,False
user_022,12,9,0,0,0,3,59.25,False
user_022,13,5,1,0,2,1,64.44,False
user_022,14,1,1,0,3,1,76.41,False
user_022,15,2,1,0,1,1,39.16,False
user_022,16,4,1,0,1,3,42.09,False
user_022,17,9,0,1,0,1,34.82,False
user_022,18,8,0,0,4,1,91.92,False
user_022,19,8,0,0,2,2,103.97,False
user_022,20,7,0,0,1,1,61.94,False
user_022,21,4,0,1,3,3,74.45,False
user_022,22,8,0,1,2,3,23.28,False
user_022,23,9,0,1,1,3,107.95,False
user_022,24,1,0,0,2,3,53.22,False
user_022,25,2,0,1,1,3,71.57,False
user_022,26,1,0,0,3,3,113.1,False
user_022,27,5,1,0,0,1,61.66,False
user_022,28,6,1,0,0,2,40.06,False
user_022,29,7,1,0,4,3,108.27,False
user_023,0,4,1,1,2,3,84.06,False
user_023,1,9,0,0,1,2,109.6,False
user_023,2,5,0,1,2,3,38.16,False
user_023,3,6,1,0,4,2,79.06,False
user_023,4,1,1,0,1,2,22.07,False
user_023,5,2,0,1,0,1,115.22,False
user_023,6,6,0,0,3,3,91.44,False
user_023,7,5,0,1,0,1,90.85,False
user_023,8,3,1,0,0,3,102.75,False
user_023,9,8,0,1,2,2,112.1,False
user_023,10,7,1,0,4,2,54.46,False
user_023,11,2,0,0,4,1,54.53,False
user_023,12,6,1,1,4,3,31.89,False
user_023,13,1,1,1,4,3,74.93,False
user_023,14,1,0,1,3,2,21.61,False
user_023,15,4,0,1,1,1,117.03,False
user_023,16,7,1,1,2,1,101.71,False
user_023,17,9,0,0,2,1,70.48,False
user_023,18,6,1,0,2,3,59.66,False
user_023,19,9,1,0,3,3,51.65,False
user_023,20,6,0,0,4,3,51.29,False
user_023,21,7,0,1,2,3,21.22,False
user_023,22,8,1,0,0,2,59.07,False
user_023,23,5,0,1,0,2,53.4,False
user_023,24,9,1,1,4,2,44.71,False
user_023,25,1,1,1,0,3,87.75,False
user_023,26,2,1,0,3,1,84.17,False
user_023,27,6,0,0,2,2,80.11,False
user_023,28,4,0,1,1,3,63.2,False
user_023,29,9,1,1,4,2,37.94,False
user_024,0,5,1,1,0,1,38.98,False
user_024,1,4,0,0,2,1,59.76,False
user_024,2,3,1,1,0,3,46.85,False
user_024,3,8,1,1,1,3,79.54,False
user_024,4,6,1,0,0,2,89.58,False
user_024,5,3,1,0,1,2,84.16,False
user_024,6,6,0,1,2,2,65.07,False
user_024,7,6,0,0,3,3,79.77,False
user_024,8,4,0,0,1,1,35.48,False
user_024,9,6,0,1,4,3,97.23,False
user_024,10,4,1,1,0,1,60.82,False
user_024,11,1,0,1,0,1,65.03,False
user_024,12,1,1,1,0,1,81.72,False
user_024,13,6,1,1,0,2,20.83,False
user_024,14,6,1,0,3,3,28.43,False
user_024,15,9,1,0,3,1,71.27,False
user_024,16,3,1,1,0,3,83.77,False
user_024,17,2,1,0,0,1,107.75,False
user_024,18,4,0,1,0,1,21.58,False
user_024,19,2,1,0,4,2,93.27,False
user_024,20,1,0,1,1,2,115.15,False
user_024,21,2,1,0,2,3,48.33,False
user_024,22,8,1,0,1,2,94.29,False
user_024,23,8,0,1,2,2,57.11,False
user_024,24,9,0,1,2,1,53.36,False
user_024,25,1,1,0,0,2,98.74,False
user_024,26,5,1,0,1,3,83.8,False
user_024,27,6,1,1,3,2,84.93,False
user_024,28,5,0,1,1,2,70.01,False
user_024,29,9,0,1,4,3,69.11,False
user_025,0,1,0,0,1,1,46.02,False
user_025,1,6,0,1,4,1,98.65,False
user_025,2,5,1,0,2,1,102.65,False
user_025,3,3,0,1,4,1,50.98,False
user_025,4,8,1,0,0,1,94.25,False
user_025,5,4,1,0,4,3,41.61,False
user_025,6,7,1,0,3,2,55.44,False
user_025,7,7,1,0,0,1,110.36,False
user_025,8,6,0,0,2,3,39.39,False
user_025,9,6,0,1,0,3,66.18,False
user_025,10,9,0,1,0,1,65.92,False
user_025,11,7,0,1,3,3,68.94,False
user_025,12,1,0,1,4,2,73.19,False
user_025,13,2,1,1,0,2,21.91,False
user_025,14,3,1,1,1,3,30.53,False
user_025,15,4,1,0,1,3,44.54,False
user_025,16,7,0,1,2,2,41.96,False
user_025,17,8,1,0,4,1,61.58,False
user_025,18,1,0,0,1,3,95.36,False
user_025,19,2,1,0,4,2,77.54,False
user_025,20,1,0,1,4,1,63.91,False
user_025,21,8,1,0,4,1,96.48,False
user_025,22,3,0,1,0,3,61.93,False
user_025,23,1,1,0,2,1,87.32,False
user_025,24,3,0,0,4,3,88.86,False
user_025,25,9,1,1,0,1,66.51,False
user_025,26,6,1,0,2,3,48.55,False
user_025,27,7,1,0,2,3,105.5,False
user_025,28,3,0,0,0,2,110.18,False
user_025,29,2,1,1,3,3,74.18,False
user_026,0,4,0,0,4,2,57.55,False
user_026,1,6,0,1,4,3,24.28,False
user_026,2,3,0,0,2,3,56.96,False
user_026,3,4,0,1,2,3,57.92,False
user_026,4,2,1,1,0,1,20.53,False
user_026,5,2,0,1,0,1,78.37,False
user_026,6,5,1,0,1,1,21.46,False
user_026,7,3,1,1,4,3,36.99,False
user_026,8,9,0,1,4,2,110.82,False
user_026,9,7,0,0,4,2,108.91,False
user_026,10,5,0,1,1,2,61.5,False
user_026,11,6,1,1,2,1,44.15,False
user_026,12,2,1,1,3,2,70.71,False
user_026,13,1,1,1,1,3,102.18,False
user_026,14,2,1,1,0,2,89.24,False
user_026,15,3,1,0,4,1,72.87,False
user_026,16,5,1,1,4,3,79.53,False
user_026,17,6,1,0,4,3,102.16,False
user_026,18,7,0,1,3,2,89.89,False
user_026,19,1,1,1,0,1,45.96,False
user_026,20,6,0,0,2,3,75.73,False
user_026,21,8,1,1,0,2,108.81,False
user_026,22,8,0,0,4,2,29.43,False
user_026,23,8,0,0,4,2,29.49,False
user_026,24,4,1,0,4,3,100.13,False
user_026,25,3,0,0,2,3,24.04,False
user_026,26,1,0,1,2,3,104.92,False
user_026,27,6,0,1,3,1,43.2,False
user_026,28,6,0,1,1,1,96.23,False
user_026,29,7,0,1,2,2,76.34,False
user_027,0,5,0,1,2,1,26.93,False
user_027,1,3,0,1,1,1,58.92,False
user_027,2,4,1,0,2,2,57.15,False
user_027,3,5,0,0,4,3,64.31,False
user_027,4,2,1,1,0,2,91.51,False
user_027,5,9,1,0,2,1,87.48,False
user_027,6,7,1,1,2,1,83.16,False
user_027,7,7,0,0,0,1,26.98,False
user_027,8,6,0,0,3,1,37.94,False
user_027,9,6,1,1,0,1,114.87,False
user_027,10,2,1,1,0,3,37.14,False
user_027,11,8,1,1,2,2,60.19,False
user_027,12,2,0,0,1,2,78.32,False
user_027,13,8,1,1,2,2,90.26,False
user_027,14,8,1,1,0,3,108.29,False
user_027,15,7,1,0,2,3,88.35,False
user_027,16,5,0,1,0,3,40.06,False
user_027,17,5,1,0,0,3,104.74,False
user_027,18,4,1,0,4,3,59.6,False
user_027,19,1,1,1,4,3,75.19,False
user_027,20,2,1,0,3,2,42.94,False
user_027,21,4,1,1,1,3,34.73,False
user_027,22,3,0,1,0,3,99.83,False
user_027,23,8,0,1,3,2,45.65,False
user_027,24,1,1,0,4,1,37.01,False
user_027,25,4,0,1,1,3,50.24,False
user_027,26,5,1,1,1,2,51.17,False
user_027,27,7,0,0,1,1,91.52,False
user_027,28,5,1,1,0,2,92.5,False
user_027,29,2,0,1,0,3,39.92,False
user_028,0,37,11,5,51,16,462.13,True
user_028,1,35,6,13,31,19,386.11,True
user_028,2,21,13,7,37,14,389.56,True
user_028,3,39,18,12,32,8,425.36,True
user_028,4,20,7,13,45,13,248.95,True
user_028,5,21,12,13,32,18,222.37,True
user_028,6,20,12,9,49,10,245.61,True
user_028,7,27,10,6,35,13,361.16,True
user_028,8,20,12,11,27,16,415.69,True
user_028,9,17,14,7,31,8,398.84,True
user_028,10,19,18,8,44,16,255.79,True
user_028,11,35,14,8,58,13,405.5,True
user_028,12,27,19,14,39,11,405.08,True
user_028,13,36,8,5,20,8,268.18,True
user_028,14,22,6,11,27,15,457.36,True
user_028,15,29,15,11,56,8,411.75,True
user_028,16,30,11,6,37,8,391.22,True
user_028,17,27,6,6,32,18,189.14,True
user_028,18,35,11,5,59,10,364.54,True
user_028,19,23,8,14,50,12,195.07,True
user_028,20,34,18,5,28,13,478.92,True
user_028,21,26,7,6,35,16,280.8,True
user_028,22,26,5,13,27,15,456.71,True
user_028,23,26,5,12,30,14,217.65,True
user_028,24,31,5,14,48,12,349.73,True
user_028,25,37,12,10,41,9,275.41,True
user_028,26,27,7,10,27,16,264.84,True
user_028,27,33,15,12,40,10,268.13,True
user_028,28,22,7,11,47,18,363.44,True
user_028,29,33,12,10,47,9,365.88,True
user_029,0,4,1,1,1,1,48.16,False
user_029,1,4,1,1,0,1,54.69,False
user_029,2,3,1,1,2,2,27.89,False
user_029,3,1,1,1,0,3,118.48,False
user_029,4,8,1,1,3,2,26.18,False
user_029,5,9,0,1,3,3,35.05,False
user_029,6,9,0,1,2,2,20.5,False
user_029,7,6,1,0,1,2,37.72,False
user_029,8,8,0,0,1,3,25.56,False
user_029,9,3,1,0,4,2,91.71,False
user_029,10,7,0,1,3,3,49.51,False
user_029,11,7,1,0,0,2,38.46,False
user_029,12,5,0,1,0,2,37.33,False
user_029,13,1,1,1,4,3,114.99,False
user_029,14,4,0,1,0,1,78.36,False
user_029,15,5,1,0,2,3,21.52,False
user_029,16,2,0,1,2,2,72.31,False
user_029,17,3,1,1,1,1,114.27,False
user_029,18,8,0,0,4,1,29.87,False
user_029,19,5,0,0,2,1,78.51,False
user_029,20,5,0,0,1,1,89.97,False
user_029,21,3,1,0,3,3,37.25,False
user_029,22,8,0,1,4,1,101.87,False
user_029,23,9,0,0,1,1,44.01,False
user_029,24,2,0,0,3,1,89.2,False
user_029,25,7,1,1,4,3,77.44,False
user_029,26,9,0,1,1,1,94.52,False
user_029,27,6,1,0,4,2,100.57,False
user_029,28,1,1,1,4,1,103.46,False
user_029,29,6,0,1,4,3,102.36,False
user_030,0,1,0,0,2,2,87.92,False
user_030,1,1,0,0,1,2,113.71,False
user_030,2,4,1,1,2,2,117.12,False
user_030,3,1,0,1,4,3,61.77,False
user_030,4,7,0,0,2,3,86.18,False
user_030,5,1,0,0,3,3,60.32,False
user_030,6,8,1,0,4,1,109.93,False
user_030,7,2,0,0,3,1,73.17,False
user_030,8,5,1,0,3,3,22.92,False
user_030,9,4,0,1,3,1,91.01,False
user_030,10,3,1,1,2,3,115.81,False
user_030,11,2,1,0,3,3,57.96,False
user_030,12,9,1,0,1,2,73.13,False
user_030,13,5,0,0,3,2,102.45,False
user_030,14,7,0,1,1,1,63.13,False
user_030,15,4,0,0,1,2,44.95,False
user_030,16,9,0,1,3,2,52.52,False
user_030,17,3,1,0,2,1,89.67,False
user_030,18,4,0,0,2,1,105.72,False
user_030,19,8,1,0,0,2,98.33,False
user_030,20,3,0,1,3,3,65.97,False
user_030,21,2,0,0,0,1,38.12,False
user_030,22,3,0,0,4,3,69.69,False
user_030,23,7,1,0,3,2,37.09,False
user_030,24,9,1,1,1,1,89.04,False
user_030,25,7,0,0,0,2,35.96,False
user_030,26,2,1,0,2,3,103.02,False
user_030,27,6,0,0,0,2,106.84,False
user_030,28,9,1,1,2,3,62.0,False
user_030,29,3,1,0,4,3,78.33,False
user_031,0,26,15,14,31,19,299.31,True
user_031,1,21,10,6,45,18,340.61,True
user_031,2,29,19,12,26,14,344.96,True
user_031,3,22,16,5,36,15,257.82,True
user_031,4,22,9,14,35,11,315.02,True
user_031,5,29,16,9,49,14,243.34,True
user_031,6,24,11,8,56,10,325.32,True
user_031,7,29,18,8,38,17,242.58,True
user_031,8,19,15,11,48,11,400.17,True
user_031,9,18,6,10,51,9,197.0,True
user_031,10,18,18,7,42,9,238.03,True
user_031,11,36,17,8,41,11,448.71,True
user_031,12,18,13,11,38,13,252.16,True
user_031,13,29,19,13,39,16,343.67,True
user_031,14,32,6,9,39,14,401.39,True
user_031,15,19,10,14,23,19,204.37,True
user_031,16,24,13,14,50,14,215.18,True
user_031,17,24,18,7,40,10,475.55,True
user_031,18,16,15,8,29,9,365.63,True
user_031,19,38,5,11,50,18,263.68,True
user_031,20,25,11,9,23,14,184.86,True
user_031,21,32,16,5,52,18,477.59,True
user_031,22,15,19,9,26,9,360.74,True
user_031,23,18,16,7,45,18,473.75,True
user_031,24,25,15,7,31,10,382.95,True
user_031,25,31,10,6,35,9,352.61,True
user_031,26,34,10,13,51,17,387.71,True
user_031,27,22,5,12,56,13,219.29,True
user_031,28,36,13,8,46,16,479.07,True
user_031,29,39,6,12,28,19,188.35,True
user_032,0,9,1,1,3,3,83.14,False
user_032,1,1,0,1,3,2,49.59,False
user_032,2,9,1,1,4,3,109.04,False
user_032,3,4,0,0,4,2,74.67,False
user_032,4,5,1,1,1,2,60.66,False
user_032,5,8,1,1,4,2,72.55,False
user_032,6,4,1,0,0,1,87.96,False
user_032,7,2,1,0,4,3,28.17,False
user_032,8,5,1,0,2,2,64.24,False
user_032,9,6,1,1,0,1,103.73,False
user_032,10,7,1,1,3,1,103.15,False
user_032,11,2,0,0,2,3,92.89,False
user_032,12,1,0,0,2,1,75.44,False
user_032,13,6,1,0,4,3,102.36,False
user_032,14,5,0,0,0,3,58.0,False
user_032,15,5,1,0,0,3,68.0,False
user_032,16,7,1,0,2,1,28.76,False
user_032,17,3,1,1,2,1,52.0,False
user_032,18,5,0,0,0,2,87.25,False
user_032,19,6,1,0,2,1,83.24,False
user_032,20,3,0,0,3,1,45.67,False
user_032,21,7,1,0,2,2,29.25,False
user_032,22,9,1,1,3,3,81.71,False
user_032,23,6,0,0,3,2,72.36,False
user_032,24,3,1,0,2,1,74.14,False
user_032,25,4,1,0,2,3,74.43,False
user_032,26,6,1,0,2,2,45.23,False
user_032,27,6,0,1,3,1,117.7,False
user_032,28,8,0,1,2,3,66.62,False
user_032,29,9,1,1,3,3,114.16,False
user_033,0,5,1,1,0,1,96.65,False
user_033,1,6,1,0,3,2,82.81,False
user_033,2,1,0,1,1,3,57.0,False
user_033,3,9,0,0,1,3,116.93,False
user_033,4,9,1,0,2,1,70.59,False
user_033,5,3,1,1,0,3,65.17,False
user_033,6,4,0,0,0,3,20.02,False
user_033,7,5,1,1,3,2,26.14,False
user_033,8,7,0,1,0,2,39.76,False
user_033,9,9,0,1,4,2,60.15,False
user_033,10,4,0,0,3,1,87.56,False
user_033,11,4,0,1,2,2,25.86,False
user_033,12,1,0,1,1,1,29.86,False
user_033,13,8,0,1,2,2,73.0,False
user_033,14,9,1,1,3,1,34.35,False
user_033,15,4,0,0,1,3,70.25,False
user_033,16,6,0,1,3,2,55.98,False
user_033,17,5,0,0,4,1,52.31,False
user_033,18,7,1,0,3,2,66.95,False
user_033,19,2,0,1,4,2,87.23,False
user_033,20,1,1,0,3,2,81.79,False
user_033,21,7,0,1,4,3,42.67,False
user_033,22,5,0,1,3,3,58.1,False
user_033,23,6,1,0,2,2,58.32,False
user_033,24,5,1,0,3,3,39.69,False
user_033,25,4,0,1,3,1,70.35,False
user_033,26,8,1,1,3,3,83.15,False
user_033,27,9,0,0,4,3,44.74,False
user_033,28,7,1,1,3,3,82.57,False
user_033,29,9,1,0,4,3,98.77,False
user_034,0,7,1,0,4,3,36.34,False
user_034,1,3,1,1,4,3,79.8,False
user_034,2,6,0,0,2,3,58.28,False
user_034,3,7,1,1,3,3,26.2,False
user_034,4,8,0,1,4,3,107.8,False
user_034,5,5,0,0,1,1,110.28,False
user_034,6,1,0,1,0,2,114.6,False
user_034,7,8,1,0,0,2,36.99,False
user_034,8,1,1,1,0,1,25.91,False
user_034,9,6,0,0,2,1,34.26,False
user_034,10,2,0,1,0,3,53.11,False
user_034,11,9,1,1,3,1,22.22,False
user_034,12,9,1,1,2,2,79.94,False
user_034,13,8,1,0,4,1,36.95,False
user_034,14,4,1,1,1,2,78.77,False
user_034,15,2,0,0,3,3,63.71,False
user_034,16,9,0,0,2,3,52.49,False
user_034,17,6,0,1,0,1,60.97,False
user_034,18,7,1,0,2,2,101.05,False
user_034,19,1,0,1,2,1,38.12,False
user_034,20,5,1,0,1,3,61.58,False
user_034,21,6,0,1,3,2,25.92,False
user_034,22,3,1,0,3,3,114.93,False
user_034,23,5,1,1,4,1,60.91,False
user_034,24,6,0,0,2,3,61.84,False
user_034,25,2,0,0,0,1,67.17,False
user_034,26,7,0,0,3,2,26.92,False
user_034,27,8,0,1,1,3,46.12,False
user_034,28,9,0,0,0,3,39.58,False
user_034,29,8,1,0,4,1,33.32,False
user_035,0,5,1,0,3,1,38.28,False
user_035,1,2,0,1,2,1,44.26,False
user_035,2,6,0,0,1,3,37.44,False
user_035,3,3,0,1,2,2,91.44,False
user_035,4,4,0,1,4,3,109.66,False
user_035,5,4,0,0,0,2,77.71,False
user_035,6,9,1,1,4,3,100.84,False
user_035,7,9,1,1,2,1,77.21,False
user_035,8,3,0,1,3,3,58.47,False
user_035,9,9,0,0,4,2,26.74,False
user_035,10,9,1,0,1,2,71.81,False
user_035,11,4,1,1,3,1,101.19,False
user_035,12,4,0,1,0,1,99.87,False
user_035,13,4,0,1,2,1,108.62,False
user_035,14,7,0,1,1,3,87.91,False
user_035,15,4,1,0,1,1,48.72,False
user_035,16,8,0,1,0,2,45.62,False
user_035,17,3,0,0,1,1,40.95,False
user_035,18,5,1,1,0,3,51.26,False
user_035,19,8,1,0,4,3,58.59,False
user_035,20,3,0,0,0,3,116.56,False
user_035,21,7,0,0,1,1,92.93,False
user_035,22,7,1,1,2,2,34.72,False
user_035,23,6,1,1,4,3,59.83,False
user_035,24,3,1,0,0,3,95.13,False
user_035,25,7,0,0,0,3,115.63,False
user_035,26,7,1,0,0,1,110.32,False
user_035,27,6,1,0,1,3,107.55,False
user_035,28,7,0,1,1,1,111.18,False
user_035,29,2,0,1,4,2,53.16,False
user_036,0,8,0,1,2,2,51.21,False
user_036,1,3,0,1,4,2,64.54,False
user_036,2,5,1,1,2,3,114.57,False
user_036,3,6,0,0,0,1,90.5,False
user_036,4,8,1,1,3,3,107.3,False
user_036,5,6,0,1,2,1,67.55,False
user_036,6,6,0,1,0,3,103.64,False
user_036,7,5,0,1,3,1,71.11,False
user_036,8,1,0,1,4,3,90.94,False
user_036,9,3,1,1,4,1,56.3,False
user_036,10,1,1,1,3,3,81.2,False
user_036,11,6,1,1,2,3,106.25,False
user_036,12,7,1,0,2,2,114.21,False
user_036,13,9,1,1,4,2,111.15,False
user_036,14,1,1,1,3,2,54.41,False
user_036,15,2,1,1,4,3,70.55,False
user_036,16,9,1,1,2,2,67.4,False
user_036,17,5,1,0,4,1,61.07,False
user_036,18,6,0,0,1,2,87.35,False
user_036,19,1,1,1,1,1,86.08,False
user_036,20,6,0,0,0,1,45.96,False
user_036,21,3,0,0,0,1,106.21,False
user_036,22,2,0,0,3,2,104.39,False
user_036,23,6,1,0,4,2,93.29,False
user_036,24,1,1,0,0,3,63.05,False
user_036,25,8,1,1,4,2,27.3,False
user_036,26,1,1,1,0,3,23.56,False
user_036,27,6,1,1,1,3,95.03,False
user_036,28,8,1,0,4,2,65.22,False
user_036,29,1,0,0,4,2,107.75,False
user_037,0,6,0,1,1,2,66.07,False
user_037,1,3,0,1,1,2,76.24,False
user_037,2,6,1,1,0,2,59.86,False
user_037,3,2,0,0,4,2,54.56,False
user_037,4,3,1,0,3,3,20.06,False
user_037,5,1,1,0,0,3,38.49,False
user_037,6,6,0,0,3,3,56.33,False
user_037,7,6,0,1,4,3,53.02,False
user_037,8,2,0,0,1,3,119.38,False
user_037,9,6,1,0,0,3,98.32,False
user_037,10,6,0,1,2,1,27.05,False
user_037,11,3,1,0,0,1,74.46,False
user_037,12,5,0,0,0,3,93.79,False
user_037,13,6,1,1,3,1,103.64,False
user_037,14,1,0,0,3,1,48.42,False
user_037,15,2,1,0,3,2,74.46,False
user_037,16,7,1,0,1,2,39.43,False
user_037,17,1,0,1,0,1,35.58,False
user_037,18,5,1,1,2,2,42.05,False
user_037,19,1,0,0,1,1,115.56,False
user_037,20,1,0,1,4,3,59.22,False
user_037,21,9,0,0,1,3,102.92,False
user_037,22,7,1,0,4,2,96.8,False
user_037,23,3,0,0,1,1,113.81,False
user_037,24,7,0,0,1,3,100.83,False
user_037,25,7,0,0,4,2,87.14,False
user_037,26,6,0,1,1,2,88.88,False
user_037,27,5,1,1,0,1,39.67,False
user_037,28,3,1,1,0,3,95.93,False
user_037,29,1,1,1,2,2,67.25,False
user_038,0,2,0,0,0,3,61.24,False
user_038,1,1,0,1,0,1,56.04,False
user_038,2,5,1,0,4,2,49.8,False
user_038,3,1,1,0,0,2,59.73,False
user_038,4,8,0,1,0,1,36.17,False
user_038,5,8,1,0,4,1,64.38,False
user_038,6,8,1,0,0,2,92.89,False
user_038,7,4,0,0,1,1,57.21,False
user_038,8,1,0,0,3,2,70.2,False
user_038,9,8,1,0,2,1,51.4,False
user_038,10,5,0,0,1,2,62.38,False
user_038,11,1,1,1,4,3,55.16,False
user_038,12,3,0,1,0,1,51.22,False
user_038,13,3,0,0,1,3,118.58,False
user_038,14,4,0,1,3,1,94.48,False
user_038,15,1,0,0,1,2,87.38,False
user_038,16,8,0,0,3,2,83.47,False
user_038,17,7,0,1,2,2,40.41,False
user_038,18,7,0,1,0,1,58.05,False
user_038,19,3,1,1,4,2,115.71,False
user_038,20,1,1,1,3,1,90.73,False
user_038,21,8,1,1,3,2,71.1,False
user_038,22,4,1,1,1,1,55.8,False
user_038,23,7,0,1,3,2,35.31,False
user_038,24,3,0,1,1,2,77.36,False
user_038,25,2,1,0,4,2,30.82,False
user_038,26,4,0,1,4,3,39.17,False
user_038,27,3,1,1,2,1,28.81,False
user_038,28,7,0,0,2,3,63.03,False
user_038,29,5,0,0,4,1,83.53,False
user_039,0,1,1,0,4,1,75.97,False
user_039,1,8,1,1,4,3,50.63,False
user_039,2,7,1,1,3,2,72.76,False
user_039,3,2,0,1,1,1,32.13,False
user_039,4,3,0,1,3,2,36.63,False
user_039,5,5,1,0,3,2,92.76,False
user_039,6,2,1,0,1,2,38.38,False
user_039,7,3,0,0,0,3,44.88,False
user_039,8,2,1,1,2,1,92.8,False
user_039,9,5,1,1,3,1,58.56,False
user_039,10,6,1,0,4,2,26.97,False
user_039,11,4,1,0,0,1,92.47,False
user_039,12,6,1,0,3,2,53.63,False
user_039,13,7,1,1,0,3,94.07,False
user_039,14,8,0,1,4,2,81.42,False
user_039,15,7,1,0,2,2,27.49,False
user_039,16,9,1,1,3,2,39.5,False
user_039,17,9,1,1,1,2,66.63,False
user_039,18,7,1,0,3,2,58.29,False
user_039,19,7,1,0,4,2,46.24,False
user_039,20,1,0,1,3,3,106.08,False
user_039,21,6,1,1,4,2,56.68,False
user_039,22,7,1,0,2,2,117.01,False
user_039,23,4,0,0,4,1,48.52,False
user_039,24,3,1,0,2,2,95.78,False
user_039,25,6,1,0,3,2,25.62,False
user_039,26,8,1,0,4,2,74.64,False
user_039,27,3,0,0,1,3,30.24,False
user_039,28,2,0,1,3,2,57.7,False
user_039,29,6,1,1,4,3,113.26,False
user_040,0,7,1,1,3,1,60.64,False
user_040,1,5,0,0,2,2,91.92,False
user_040,2,9,0,1,1,3,40.18,False
user_040,3,7,1,1,2,3,82.55,False
user_040,4,4,0,1,0,3,89.58,False
user_040,5,5,0,0,4,1,34.8,False
user_040,6,7,1,0,2,2,96.91,False
user_040,7,4,1,1,4,2,23.44,False
user_040,8,5,1,1,0,1,73.84,False
user_040,9,6,1,1,3,3,33.37,False
user_040,10,2,0,0,1,1,87.66,False
user_040,11,6,1,0,0,3,90.08,False
user_040,12,8,0,1,2,2,23.25,False
user_040,13,6,0,0,4,3,44.23,False
user_040,14,6,1,0,1,1,60.51,False
user_040,15,2,1,0,2,1,106.95,False
user_040,16,2,0,0,0,3,47.4,False
user_040,17,4,0,0,4,2,94.24,False
user_040,18,4,0,1,1,1,36.8,False
user_040,19,1,1,0,2,3,77.72,False
user_040,20,6,0,1,0,2,86.47,False
user_040,21,6,1,0,2,1,78.53,False
user_040,22,7,1,0,2,3,70.19,False
user_040,23,8,0,1,1,1,99.78,False
user_040,24,4,1,1,3,2,116.67,False
user_040,25,6,0,1,1,1,119.68,False
user_040,26,1,1,0,4,3,107.4,False
user_040,27,7,1,0,3,3,102.27,False
user_040,28,5,0,0,0,2,103.95,False
user_040,29,3,1,0,1,2,32.91,False
user_041,0,4,0,0,3,3,20.95,False
user_041,1,5,1,0,1,2,54.3,False
user_041,2,9,0,0,4,2,66.04,False
user_041,3,6,0,1,2,1,29.67,False
user_041,4,1,0,1,4,2,23.94,False
user_041,5,9,0,0,1,1,38.88,False
user_041,6,4,0,1,2,3,49.03,False
user_041,7,2,0,0,0,2,63.28,False
user_041,8,1,1,1,3,2,70.97,False
user_041,9,9,0,0,1,3,81.51,False
user_041,10,8,1,0,3,2,47.87,False
user_041,11,5,1,0,1,3,48.26,False
user_041,12,3,1,0,0,1,25.5,False
user_041,13,5,0,0,2,1,63.96,False
user_041,14,6,0,0,3,1,106.97,False
user_041,15,8,0,1,2,1,77.09,False
user_041,16,7,0,0,4,2,113.76,False
user_041,17,8,0,1,1,2,114.24,False
user_041,18,9,0,0,1,3,88.83,False
user_041,19,3,0,0,1,1,115.58,False
user_041,20,7,0,0,3,1,25.57,False
user_041,21,9,0,1,3,1,42.73,False
user_041,22,3,1,1,4,2,29.06,False
user_041,23,3,1,1,0,2,97.22,False
user_041,24,3,0,0,0,3,22.89,False
user_041,25,9,0,1,3,1,71.39,False
user_041,26,3,0,1,3,1,38.75,False
user_041,27,1,1,0,2,3,38.54,False
user_041,28,7,1,1,1,2,27.96,False
user_041,29,2,0,0,0,1,44.41,False
user_042,0,2,0,1,1,2,46.25,False
user_042,1,9,0,0,2,3,75.04,False
user_042,2,4,0,1,0,2,72.61,False
user_042,3,6,0,0,3,1,25.17,False
user_042,4,4,0,1,0,1,94.73,False
user_042,5,5,1,1,1,2,96.39,False
user_042,6,7,1,1,1,3,77.65,False
user_042,7,1,1,0,0,3,104.99,False
user_042,8,7,0,0,1,2,69.21,False
user_042,9,3,1,1,3,3,23.04,False
user_042,10,2,0,1,2,3,33.38,False
user_042,11,3,0,0,3,1,54.78,False
user_042,12,7,0,1,1,2,48.97,False
user_042,13,1,1,1,2,1,92.24,False
user_042,14,9,0,0,2,1,59.09,False
user_042,15,4,1,0,2,3,64.44,False
user_042,16,5,1,1,2,3,46.78,False
user_042,17,9,1,0,3,2,104.49,False
user_042,18,6,0,1,0,3,83.56,False
user_042,19,2,0,0,3,2,52.94,False
user_042,20,6,0,0,2,3,101.61,False
user_042,21,8,0,1,4,1,30.44,False
user_042,22,8,1,0,0,2,76.83,False
user_042,23,3,0,1,4,2,77.93,False
user_042,24,7,0,1,1,2,91.45,False
user_042,25,3,1,0,2,1,69.2,False
user_042,26,2,1,0,3,1,25.27,False
user_042,27,9,1,0,0,1,106.77,False
user_042,28,7,0,1,1,2,82.84,False
user_042,29,1,0,1,4,1,84.64,False
user_043,0,5,0,1,4,1,63.5,False
user_043,1,2,0,0,2,2,107.71,False
user_043,2,9,1,0,4,3,63.57,False
user_043,3,7,0,1,4,3,51.57,False
user_043,4,7,1,0,4,3,58.51,False
user_043,5,7,1,1,4,3,65.39,False
user_043,6,3,0,1,4,2,83.91,False
user_043,7,3,0,1,2,1,113.07,False
user_043,8,1,1,1,2,3,42.3,False
user_043,9,7,0,1,1,3,29.18,False
user_043,10,2,0,0,2,3,85.02,False
user_043,11,7,0,0,2,2,78.84,False
user_043,12,3,1,1,3,1,65.93,False
user_043,13,5,0,1,1,2,112.86,False
user_043,14,2,1,1,4,1,53.82,False
user_043,15,1,0,1,4,2,101.69,False
user_043,16,5,0,1,3,2,51.57,False
user_043,17,1,1,0,2,3,109.08,False
user_043,18,8,1,0,2,1,106.94,False
user_043,19,6,1,1,2,2,103.88,False
user_043,20,8,1,0,4,3,39.25,False
user_043,21,5,1,0,4,2,80.58,False
user_043,22,2,0,0,0,3,88.38,False
user_043,23,6,1,1,3,1,38.42,False
user_043,24,6,0,0,0,1,21.75,False
user_043,25,6,0,1,4,1,74.14,False
user_043,26,9,0,0,4,2,64.07,False
user_043,27,1,0,1,3,3,88.69,False
user_043,28,7,1,1,0,3,89.39,False
user_043,29,2,0,0,4,3,116.27,False
user_044,0,4,0,1,4,3,80.23,False
user_044,1,6,0,1,1,2,86.04,False
user_044,2,2,1,1,4,3,115.03,False
user_044,3,4,0,0,0,3,115.8,False
user_044,4,4,0,1,0,3,98.89,False
user_044,5,7,0,1,3,1,111.48,False
user_044,6,1,1,0,1,3,117.61,False
user_044,7,4,1,1,2,1,45.34,False
user_044,8,9,1,0,0,3,69.34,False
user_044,9,4,0,0,2,1,118.41,False
user_044,10,2,1,0,0,2,25.54,False
user_044,11,7,0,0,2,3,107.87,False
user_044,12,1,0,1,1,1,81.37,False
user_044,13,4,1,1,4,1,50.16,False
user_044,14,8,0,1,3,1,77.46,False
user_044,15,3,0,0,2,2,65.24,False
user_044,16,4,0,0,3,1,36.49,False
user_044,17,9,1,1,1,1,41.83,False
user_044,18,7,0,0,4,2,37.22,False
user_044,19,1,1,1,2,1,62.48,False
user_044,20,1,0,1,3,2,66.7,False
user_044,21,1,0,1,1,3,108.7,False
user_044,22,2,0,0,2,3,111.02,False
user_044,23,4,1,0,3,3,77.34,False
user_044,24,1,0,0,1,1,82.41,False
user_044,25,4,1,1,0,2,111.22,False
user_044,26,2,1,0,1,1,88.06,False
user_044,27,4,1,1,0,1,102.3,False
user_044,28,3,0,1,1,2,21.69,False
user_044,29,2,1,0,3,2,20.7,False
user_045,0,4,0,1,0,1,28.4,False
user_045,1,2,1,0,4,3,54.43,False
user_045,2,1,1,0,1,1,101.6,False
user_045,3,9,0,1,0,2,59.94,False
user_045,4,3,1,1,0,3,36.65,False
user_045,5,3,0,0,0,2,27.01,False
user_045,6,9,1,1,3,3,112.88,False
user_045,7,2,0,1,4,2,26.32,False
user_045,8,8,0,0,0,2,83.73,False
user_045,9,7,0,1,2,1,23.44,False
user_045,10,9,1,1,4,2,99.64,False
user_045,11,1,1,1,0,2,44.88,False
user_045,12,2,1,1,4,2,84.37,False
user_045,13,5,0,1,1,3,93.6,False
user_045,14,8,1,0,0,3,105.16,False
user_045,15,9,0,0,2,3,21.91,False
user_045,16,3,0,0,1,3,65.54,False
user_045,17,2,1,0,3,1,34.55,False
user_045,18,5,0,0,1,1,64.02,False
user_045,19,5,0,0,1,1,45.83,False
user_045,20,1,0,0,0,3,90.11,False
user_045,21,5,1,1,4,3,70.74,False
user_045,22,1,0,1,1,1,106.9,False
user_045,23,2,1,1,1,3,91.93,False
user_045,24,1,0,1,4,2,111.48,False
user_045,25,6,1,1,1,3,113.49,False
user_045,26,6,0,0,1,1,82.3,False
user_045,27,9,1,0,2,1,36.46,False
user_045,28,2,0,0,1,3,113.26,False
user_045,29,3,1,0,1,3,86.64,False
user_046,0,1,0,0,1,3,50.64,False
user_046,1,5,0,0,0,2,67.96,False
user_046,2,1,0,1,4,2,30.05,False
user_046,3,9,1,0,4,3,73.33,False
user_046,4,7,1,1,4,3,83.53,False
user_046,5,9,0,1,1,1,116.56,False
user_046,6,3,1,1,1,2,105.81,False
user_046,7,8,1,0,2,2,99.01,False
user_046,8,9,1,0,4,3,83.31,False
user_046,9,2,0,1,4,1,31.58,False
user_046,10,6,0,1,3,1,87.23,False
user_046,11,8,1,1,2,3,99.13,False
user_046,12,8,1,1,4,1,114.09,False
user_046,13,5,0,0,0,2,73.76,False
user_046,14,1,0,1,4,3,116.04,False
user_046,15,7,0,1,0,3,113.23,False
user_046,16,7,0,0,1,1,115.33,False
user_046,17,5,0,1,4,2,86.73,False
user_046,18,9,1,0,1,2,52.34,False
user_046,19,3,0,0,2,1,107.24,False
user_046,20,9,0,0,2,2,27.29,False
user_046,21,6,0,0,0,3,31.94,False
user_046,22,5,1,0,4,2,106.65,False
user_046,23,8,1,1,3,2,46.07,False
user_046,24,7,0,1,3,1,30.19,False
user_046,25,7,1,1,4,3,110.29,False
user_046,26,4,0,0,4,2,52.01,False
user_046,27,8,1,0,1,3,61.79,False
user_046,28,5,1,0,2,2,90.03,False
user_046,29,7,0,1,0,1,101.46,False
user_047,0,9,0,0,1,2,72.93,False
user_047,1,3,0,0,4,2,69.03,False
user_047,2,1,0,1,1,1,53.33,False
user_047,3,6,0,0,2,2,99.4,False
user_047,4,5,1,1,0,2,43.88,False
user_047,5,5,0,0,1,1,66.07,False
user_047,6,1,1,0,2,2,49.04,False
user_047,7,3,0,0,1,3,57.73,False
user_047,8,1,1,0,2,1,40.6,False
user_047,9,5,0,1,2,2,48.61,False
user_047,10,7,0,0,4,2,78.34,False
user_047,11,9,1,1,1,3,51.92,False
user_047,12,1,1,1,3,2,39.6,False
user_047,13,6,0,0,2,2,32.72,False
user_047,14,5,1,0,3,3,118.91,False
user_047,15,4,1,1,2,2,31.36,False
user_047,16,3,0,0,2,3,106.53,False
user_047,17,7,1,1,2,3,48.47,False
user_047,18,5,0,0,4,2,39.5,False
user_047,19,2,1,0,3,2,113.32,False
user_047,20,7,0,1,2,3,67.13,False
user_047,21,2,0,1,4,3,98.32,False
user_047,22,7,1,1,1,3,119.36,False
user_047,23,3,0,0,3,3,23.25,False
user_047,24,5,1,0,2,2,69.35,False
user_047,25,4,1,1,1,3,57.23,False
user_047,26,4,1,1,0,1,118.66,False
user_047,27,5,0,1,1,1,66.0,False
user_047,28,1,1,0,2,3,71.19,False
user_047,29,6,1,0,3,1,53.17,False
user_048,0,1,1,0,3,2,22.2,False
user_048,1,1,1,1,2,2,45.68,False
user_048,2,8,0,1,1,3,20.22,False
user_048,3,6,1,1,0,2,104.22,False
user_048,4,9,0,1,3,3,60.25,False
user_048,5,2,0,1,1,3,96.73,False
user_048,6,2,1,1,3,2,108.88,False
user_048,7,5,1,1,2,1,30.48,False
user_048,8,2,1,1,1,1,98.06,False
user_048,9,7,0,1,3,3,56.67,False
user_048,10,5,1,1,3,2,98.07,False
user_048,11,9,0,1,3,1,75.41,False
user_048,12,4,0,1,3,3,61.95,False
user_048,13,7,0,0,4,3,29.48,False
user_048,14,3,1,0,2,2,36.92,False
user_048,15,9,1,1,3,1,66.38,False
user_048,16,7,0,1,2,2,60.03,False
user_048,17,3,0,0,3,1,87.31,False
user_048,18,1,1,1,2,2,71.97,False
user_048,19,5,0,1,2,2,25.09,False
user_048,20,6,0,0,3,1,114.09,False
user_048,21,2,0,0,1,1,74.94,False
user_048,22,2,1,0,4,2,56.46,False
user_048,23,6,1,0,4,3,70.89,False
user_048,24,1,0,1,0,2,76.88,False
user_048,25,5,0,1,0,2,65.22,False
user_048,26,8,0,0,1,3,91.79,False
user_048,27,6,1,1,0,3,55.02,False
user_048,28,7,1,1,1,2,21.77,False
user_048,29,8,0,0,2,1,36.36,False
user_049,0,5,0,1,1,3,100.88,False
user_049,1,1,0,0,3,2,46.94,False
user_049,2,9,0,1,0,1,76.19,False
user_049,3,5,0,1,2,1,56.0,False
user_049,4,4,0,0,1,1,115.07,False
user_049,5,3,0,1,1,1,43.75,False
user_049,6,9,0,1,3,3,62.15,False
user_049,7,7,1,1,0,2,66.07,False
user_049,8,8,0,0,3,3,83.54,False
user_049,9,7,1,1,4,3,89.79,False
user_049,10,7,1,0,2,3,97.59,False
user_049,11,8,0,0,1,1,51.12,False
user_049,12,7,1,0,3,1,74.16,False
user_049,13,2,1,1,2,3,36.43,False
user_049,14,1,1,1,3,1,53.84,False
user_049,15,8,1,1,2,1,23.94,False
user_049,16,5,0,0,4,2,108.98,False
user_049,17,5,0,1,2,1,84.56,False
user_049,18,7,0,1,2,2,94.26,False
user_049,19,5,0,1,0,3,83.38,False
user_049,20,1,1,1,2,3,111.87,False
user_049,21,1,1,0,4,2,107.34,False
user_049,22,1,1,0,4,1,114.07,False
user_049,23,7,0,0,0,3,62.48,False
user_049,24,9,0,1,1,3,33.73,False
user_049,25,2,1,1,0,2,93.01,False
user_049,26,8,0,1,1,2,93.48,False
user_049,27,8,0,1,4,2,76.21,False
user_049,28,5,0,0,1,3,107.42,False
user_049,29,6,1,1,2,3,39.82,False
user_050,0,2,0,1,0,3,48.82,False
user_050,1,2,1,0,1,1,23.29,False
user_050,2,7,1,1,0,1,60.57,False
user_050,3,6,1,1,0,2,114.88,False
user_050,4,3,1,1,1,1,73.81,False
user_050,5,1,1,0,1,3,84.75,False
user_050,6,9,1,0,1,1,82.2,False
user_050,7,8,1,1,4,3,82.99,False
user_050,8,5,0,1,2,3,39.48,False
user_050,9,8,1,1,3,3,62.44,False
user_050,10,1,0,1,4,2,90.6,False
user_050,11,7,0,0,3,1,33.06,False
user_050,12,8,0,0,1,1,116.3,False
user_050,13,7,0,0,1,3,23.6,False
user_050,14,3,0,1,3,1,47.93,False
user_050,15,3,1,0,0,2,99.91,False
user_050,16,2,0,0,0,3,93.72,False
user_050,17,4,0,0,1,1,38.69,False
user_050,18,5,0,0,3,3,28.0,False
user_050,19,8,0,0,1,1,110.16,False
user_050,20,8,1,0,1,3,112.53,False
user_050,21,3,1,0,4,3,65.99,False
user_050,22,3,1,1,0,1,116.73,False
user_050,23,7,0,0,0,3,87.2,False
user_050,24,6,1,1,3,3,53.41,False
user_050,25,5,1,0,3,3,96.1,False
user_050,26,1,0,1,4,1,108.14,False
user_050,27,1,1,0,0,2,77.69,False
user_050,28,5,1,1,3,1,76.01,False
user_050,29,5,0,0,1,3,74.98,False
